-- ========================================
-- EXPORT DATA V2 - DADOS REAIS DE PRODUÇÃO
-- Generated: 2025-12-19
-- ========================================
-- PRÉ-REQUISITO: Usuários já migrados via Edge Function migrate-users ✅
-- ========================================

-- =====================
-- 1. COUPLES (17 casais)
-- =====================
INSERT INTO couples (id, name, created_at, updated_at) VALUES
('cea0b655-13a5-4e95-bcd1-d2034ff5a916', 'Thales Laray', '2025-12-16 23:11:48.202443+00', '2025-12-16 23:11:48.202443+00'),
('b736fd8e-e543-4134-8ca4-901d69b3ec38', 'Abdala', '2025-12-17 00:35:22.131605+00', '2025-12-17 00:35:22.131605+00'),
('ce94c850-7fb0-4e9e-9838-9c94a817b222', 'Matheus Stravino', '2025-12-17 00:35:24.671681+00', '2025-12-17 00:35:24.671681+00'),
('08034d8b-d9a3-4649-ba27-4af6e29be29d', 'Marcelo Matos', '2025-12-17 00:35:33.052384+00', '2025-12-17 00:35:33.052384+00'),
('9c90b93b-700a-4aad-893f-5647d6c97246', 'Everton Moraes', '2025-12-17 00:35:38.113828+00', '2025-12-17 00:35:38.113828+00'),
('d4aa7d1e-8ef1-4824-b5b5-801d9cbfad2e', 'teste', '2025-12-17 00:35:41.486479+00', '2025-12-17 00:35:41.486479+00'),
('b76ab1f4-2a89-4964-a1b7-827541b677c5', 'Cleber', '2025-12-17 00:35:48.401275+00', '2025-12-17 00:35:48.401275+00'),
('d737a190-15c6-4dbd-968e-2ceffd0c017d', 'Lu Souza', '2025-12-17 00:35:53.504435+00', '2025-12-17 00:35:53.504435+00'),
('dc9a7461-760a-47ea-86a3-f4401b8ac856', 'Lidi', '2025-12-17 00:36:18.759075+00', '2025-12-17 00:36:18.759075+00'),
('cf94d8cf-32c8-4fc5-b446-040f2f034b0f', 'Max Henrique', '2025-12-17 00:37:18.239648+00', '2025-12-17 00:37:18.239648+00'),
('ad9dc385-c849-40a3-8d35-e44e22f56169', 'Leo medina', '2025-12-17 00:38:36.859502+00', '2025-12-17 00:38:36.859502+00'),
('57d4da4a-c223-4f1e-82a2-990b99f3d646', 'Augusto Flávio', '2025-12-17 00:41:18.841503+00', '2025-12-17 00:41:18.841503+00'),
('546f4ada-e8f7-4c10-8ed2-11dc75225c91', 'Paulo Favaron', '2025-12-17 00:55:21.78714+00', '2025-12-17 00:55:21.78714+00'),
('ff430fe0-e70b-4fb8-aec0-91c74d6b1d27', 'Roni Bianchini', '2025-12-17 11:21:01.050962+00', '2025-12-17 11:21:01.050962+00'),
('9cda50c8-acba-4bf7-bb62-5c13cdb5c59f', 'Igor Lorentz', '2025-12-17 13:09:48.311239+00', '2025-12-17 13:09:48.311239+00'),
('cb5c15c5-b191-4a94-86a5-1d50ec97c257', 'Jorge Ribeiro', '2025-12-17 22:20:47.452034+00', '2025-12-17 22:20:47.452034+00'),
('e1304a6a-1ffa-4af3-9ede-81b13faf75cd', 'Ricardo ARaujo', '2025-12-18 01:29:51.363388+00', '2025-12-18 01:29:51.363388+00')
ON CONFLICT (id) DO NOTHING;

-- =====================
-- 2. PROFILES (17 perfis - IDs batem com auth.users migrados)
-- =====================
INSERT INTO profiles (id, email, full_name, couple_id, avatar_url, created_at, updated_at) VALUES
('6a548770-7c98-406d-93b2-7372cf3a0d30', 'thales@laray.com.br', 'Thales Laray', 'cea0b655-13a5-4e95-bcd1-d2034ff5a916', NULL, '2025-12-16 23:11:48.202443+00', '2025-12-16 23:11:48.202443+00'),
('b489d126-1eab-4dd8-98dc-36d965dcc36d', 'andreluizabdala1@gmail.com', 'Abdala', 'b736fd8e-e543-4134-8ca4-901d69b3ec38', NULL, '2025-12-17 00:35:22.131605+00', '2025-12-17 00:35:22.131605+00'),
('100f875e-14a2-42c6-98e2-445894c5e59c', 'liima.matheuss@hotmail.com', 'Matheus Stravino', 'ce94c850-7fb0-4e9e-9838-9c94a817b222', NULL, '2025-12-17 00:35:24.671681+00', '2025-12-17 00:35:24.671681+00'),
('fe25863a-41e4-49a7-a3af-5246a1845047', 'm_wmatos@hotmail.com', 'Marcelo Matos', '08034d8b-d9a3-4649-ba27-4af6e29be29d', NULL, '2025-12-17 00:35:33.052384+00', '2025-12-17 00:35:33.052384+00'),
('3d9829c8-d1df-45ae-8fea-c0dd13611b9d', 'everton@saladaeletrica.com.br', 'Everton Moraes', '9c90b93b-700a-4aad-893f-5647d6c97246', NULL, '2025-12-17 00:35:38.113828+00', '2025-12-17 00:35:38.113828+00'),
('464c67e3-be17-4ff7-a068-93142b8d0f34', 'teste@gmail.com', 'teste', 'd4aa7d1e-8ef1-4824-b5b5-801d9cbfad2e', NULL, '2025-12-17 00:35:41.486479+00', '2025-12-17 00:35:41.486479+00'),
('a05088de-845b-482b-86fc-02c6365b6c08', 'clebersonezb@gmail.com', 'Cleber', 'b76ab1f4-2a89-4964-a1b7-827541b677c5', NULL, '2025-12-17 00:35:48.401275+00', '2025-12-17 00:35:48.401275+00'),
('908e42df-4df8-49fd-a551-4623bb8ac660', 'souzabarbosalu@gmail.com', 'Lu Souza', 'd737a190-15c6-4dbd-968e-2ceffd0c017d', NULL, '2025-12-17 00:35:53.504435+00', '2025-12-17 00:35:53.504435+00'),
('d43c76e0-b564-4aa6-853d-3d44e809b0ef', 'lidimfc@gmail.com', 'Lidi', 'dc9a7461-760a-47ea-86a3-f4401b8ac856', NULL, '2025-12-17 00:36:18.759075+00', '2025-12-17 00:36:18.759075+00'),
('42219f2e-e8bd-4e59-88f3-51936616046a', 'wall.deus@gmail.com', 'Max Henrique', 'cf94d8cf-32c8-4fc5-b446-040f2f034b0f', NULL, '2025-12-17 00:37:18.239648+00', '2025-12-17 00:37:18.239648+00'),
('36b77ce8-8f37-4a84-ac3a-b7a65f80abf7', 'leo.mehah@gmail.com', 'Leo medina', 'ad9dc385-c849-40a3-8d35-e44e22f56169', NULL, '2025-12-17 00:38:36.859502+00', '2025-12-17 00:38:36.859502+00'),
('d26c7146-f0bf-45f6-a904-13a3a2f6d5dd', 'afslm@hotmail.com', 'Augusto Flávio', '57d4da4a-c223-4f1e-82a2-990b99f3d646', NULL, '2025-12-17 00:41:18.841503+00', '2025-12-17 00:41:18.841503+00'),
('7599fba8-fe66-4172-a676-ba4ad9d6f71c', 'paulo@favaron.com', 'Paulo Favaron', '546f4ada-e8f7-4c10-8ed2-11dc75225c91', NULL, '2025-12-17 00:55:21.78714+00', '2025-12-17 00:55:21.78714+00'),
('2b0ea763-1f4a-4573-bc32-2dcb45454fdc', 'ronibianchini@gmail.com', 'Roni Bianchini', 'ff430fe0-e70b-4fb8-aec0-91c74d6b1d27', NULL, '2025-12-17 11:21:01.050962+00', '2025-12-17 11:21:01.050962+00'),
('8aba711e-015a-4376-907b-2ef8c8fb224c', 'ialorentz@hotmail.com', 'Igor Lorentz', '9cda50c8-acba-4bf7-bb62-5c13cdb5c59f', NULL, '2025-12-17 13:09:48.311239+00', '2025-12-17 13:09:48.311239+00'),
('9cb30faf-775f-4fd5-9e20-d55c06742201', 'jorge@infojd.com.br', 'Jorge Ribeiro', 'cb5c15c5-b191-4a94-86a5-1d50ec97c257', NULL, '2025-12-17 22:20:47.452034+00', '2025-12-17 22:20:47.452034+00'),
('6b6eb860-e5f3-41d2-8ca0-970a3fe7a058', 'ricardoaraujo.vix@gmail.com', 'Ricardo ARaujo', 'e1304a6a-1ffa-4af3-9ede-81b13faf75cd', NULL, '2025-12-18 01:29:51.363388+00', '2025-12-18 01:29:51.363388+00')
ON CONFLICT (id) DO NOTHING;

-- =====================
-- 3. USER_ROLES (17 roles)
-- =====================
INSERT INTO user_roles (id, user_id, role) VALUES
('ba3479b3-205e-4cc1-889a-89b69ee2dbf6', '100f875e-14a2-42c6-98e2-445894c5e59c', 'partner'),
('c925162e-ea2c-46c9-8137-0f273448da97', '2b0ea763-1f4a-4573-bc32-2dcb45454fdc', 'partner'),
('90121bca-c863-4e7d-8006-b81c8332cc7f', '36b77ce8-8f37-4a84-ac3a-b7a65f80abf7', 'partner'),
('5571e8fd-8dbf-44ea-837f-193994f3111b', '3d9829c8-d1df-45ae-8fea-c0dd13611b9d', 'partner'),
('50b69bd9-743b-4679-ad4b-6b106778c76e', '42219f2e-e8bd-4e59-88f3-51936616046a', 'partner'),
('1427c482-6aeb-4177-abd4-c545b9717e61', '464c67e3-be17-4ff7-a068-93142b8d0f34', 'partner'),
('46c92d3d-77f7-4fa4-970e-e8bd0b899ecb', '6a548770-7c98-406d-93b2-7372cf3a0d30', 'partner'),
('d21a7f63-e536-4640-8e4d-0a7836cb4dd7', '6b6eb860-e5f3-41d2-8ca0-970a3fe7a058', 'partner'),
('f5d87f3e-f837-4001-b344-e5bee66c22f7', '7599fba8-fe66-4172-a676-ba4ad9d6f71c', 'partner'),
('2d5fa46b-9e5a-4237-9729-10506004bd59', '8aba711e-015a-4376-907b-2ef8c8fb224c', 'partner'),
('c707618c-9822-45ce-a979-56873c2c815f', '908e42df-4df8-49fd-a551-4623bb8ac660', 'partner'),
('ee2e0557-ae53-47df-bb39-7596fbe489db', '9cb30faf-775f-4fd5-9e20-d55c06742201', 'partner'),
('9dbceb51-bb2d-49ca-a820-b51e0cd5b5df', 'a05088de-845b-482b-86fc-02c6365b6c08', 'partner'),
('f636443d-70c8-4c71-bd2c-a1326ef6af66', 'b489d126-1eab-4dd8-98dc-36d965dcc36d', 'partner'),
('a6b1184b-abc3-492b-a371-64d883fee968', 'd26c7146-f0bf-45f6-a904-13a3a2f6d5dd', 'partner'),
('e78c000b-8f29-4d37-8a07-19507be3eaec', 'd43c76e0-b564-4aa6-853d-3d44e809b0ef', 'partner'),
('6936665b-0cab-4aff-96a5-e04873170b24', 'fe25863a-41e4-49a7-a3af-5246a1845047', 'partner')
ON CONFLICT (id) DO NOTHING;

-- =====================
-- 4. CARDS (4 cartões)
-- =====================
INSERT INTO cards (id, couple_id, name, monthly_limit, closing_day, is_active, created_at, updated_at) VALUES
('a5c6ef7d-a9d6-4627-8904-d9dcac57b85a', 'cea0b655-13a5-4e95-bcd1-d2034ff5a916', 'ITAU BLACK', 10000.00, NULL, true, '2025-12-17 00:13:27.464423+00', '2025-12-17 00:13:27.464423+00'),
('470d2b95-6569-4bd9-ac6c-179e6616b7f1', 'cea0b655-13a5-4e95-bcd1-d2034ff5a916', 'NUBANK', 5000.00, NULL, true, '2025-12-17 00:13:44.845671+00', '2025-12-17 00:13:44.845671+00'),
('7d8ad467-67c0-47cd-947e-22217c265b62', '08034d8b-d9a3-4649-ba27-4af6e29be29d', 'C6 marcelo', 6000.00, NULL, true, '2025-12-17 00:41:09.601117+00', '2025-12-17 00:41:09.601117+00'),
('50e2285e-3633-4ac6-a5f4-315887fbf28a', '08034d8b-d9a3-4649-ba27-4af6e29be29d', 'c6 marina', 3500.00, NULL, true, '2025-12-17 00:41:26.768534+00', '2025-12-17 00:41:26.768534+00')
ON CONFLICT (id) DO NOTHING;

-- =====================
-- 5. MONTHS (11 meses)
-- =====================
INSERT INTO months (id, couple_id, year_month, closed_at, edited_after_close, cloned_from, created_at, updated_at) VALUES
('9958bb17-9081-4b87-9d79-ca8412ea3029', 'cea0b655-13a5-4e95-bcd1-d2034ff5a916', '2025-12', '2025-12-17 00:13:52.706+00', false, NULL, '2025-12-16 23:21:10.064686+00', '2025-12-17 00:13:52.888947+00'),
('f2254591-6f9b-4432-bbdd-5fdd105c8424', 'ce94c850-7fb0-4e9e-9838-9c94a817b222', '2025-12', '2025-12-17 00:37:29.283+00', false, NULL, '2025-12-17 00:36:33.131479+00', '2025-12-17 00:37:28.482535+00'),
('46753faf-e71d-48bf-a216-f2920721d108', 'd4aa7d1e-8ef1-4824-b5b5-801d9cbfad2e', '2025-12', NULL, false, NULL, '2025-12-17 00:36:41.991444+00', '2025-12-17 00:36:41.991444+00'),
('1c3d4f60-e69b-445d-bc1a-fe49b6e23574', 'dc9a7461-760a-47ea-86a3-f4401b8ac856', '2025-12', NULL, false, NULL, '2025-12-17 00:36:43.448375+00', '2025-12-17 00:36:43.448375+00'),
('c2733ded-232c-4e5a-9a68-5b30b405c4ae', '08034d8b-d9a3-4649-ba27-4af6e29be29d', '2025-12', '2025-12-17 00:43:26.974+00', false, NULL, '2025-12-17 00:37:11.585056+00', '2025-12-17 00:43:27.699684+00'),
('b14329c8-a37d-46b9-8027-09338390803f', '57d4da4a-c223-4f1e-82a2-990b99f3d646', '2025-12', NULL, false, NULL, '2025-12-17 00:43:32.913979+00', '2025-12-17 00:43:32.913979+00'),
('372bb452-8016-48bc-8443-6d6df853a6b9', '546f4ada-e8f7-4c10-8ed2-11dc75225c91', '2025-12', '2025-12-17 00:57:04.288+00', false, NULL, '2025-12-17 00:56:57.208756+00', '2025-12-17 00:57:04.908629+00'),
('7ad1239a-e24d-4e85-967b-ccb0fca10677', 'b736fd8e-e543-4134-8ca4-901d69b3ec38', '2025-12', NULL, false, NULL, '2025-12-17 01:04:26.346229+00', '2025-12-17 01:04:26.346229+00'),
('8223309b-aa69-4d03-9632-587599b59062', 'ff430fe0-e70b-4fb8-aec0-91c74d6b1d27', '2025-12', NULL, false, NULL, '2025-12-17 11:22:05.562593+00', '2025-12-17 11:22:05.562593+00'),
('c4f4fefb-c759-4060-aae2-cdf370f44b0d', 'cb5c15c5-b191-4a94-86a5-1d50ec97c257', '2025-12', '2025-12-17 22:27:42.156+00', false, NULL, '2025-12-17 22:20:57.971231+00', '2025-12-17 22:25:04.804999+00'),
('526103e1-8b4e-46f3-b6bf-37c8d446e95a', 'e1304a6a-1ffa-4af3-9ede-81b13faf75cd', '2025-12', NULL, false, NULL, '2025-12-18 01:30:57.283733+00', '2025-12-18 01:30:57.283733+00')
ON CONFLICT (id) DO NOTHING;

-- =====================
-- 6. RECURRING_BILLS (20 contas recorrentes)
-- =====================
INSERT INTO recurring_bills (id, couple_id, name, amount, due_day, is_active, created_at, updated_at) VALUES
('7d307f27-e60d-4eaa-a528-4d3d7deee195', 'cea0b655-13a5-4e95-bcd1-d2034ff5a916', 'Carro', 6000.00, 25, true, '2025-12-16 23:21:14.599997+00', '2025-12-17 00:10:44.007869+00'),
('0110421e-733c-4aa6-8f7c-e418e305710b', 'cea0b655-13a5-4e95-bcd1-d2034ff5a916', 'Escola Flor', 5000.00, 1, true, '2025-12-17 00:11:36.744561+00', '2025-12-17 00:59:23.550489+00'),
('ea418546-e183-4c94-a05d-3b49b77b8304', 'cea0b655-13a5-4e95-bcd1-d2034ff5a916', 'Aluguel', 10000.00, 1, true, '2025-12-17 00:12:01.909079+00', '2025-12-17 00:12:01.909079+00'),
('e9aed8ed-df03-4c26-a602-d6f76158b7f3', 'ce94c850-7fb0-4e9e-9838-9c94a817b222', 'Financiamento Apartamento', 1398.00, 10, true, '2025-12-17 00:37:09.439413+00', '2025-12-17 00:37:09.439413+00'),
('c298a93f-a57f-4c27-82bf-eaff8e384242', 'ce94c850-7fb0-4e9e-9838-9c94a817b222', 'Financiamento Carro', 1438.00, 5, true, '2025-12-17 00:37:23.194062+00', '2025-12-17 00:37:23.194062+00'),
('8925a247-2012-4974-88c9-ed8b28a4c1cf', '08034d8b-d9a3-4649-ba27-4af6e29be29d', 'financiamento apto', 2400.00, 24, true, '2025-12-17 00:37:31.851496+00', '2025-12-17 00:37:31.851496+00'),
('ea4186d3-db65-45d1-a5ea-a93ff10d3f2f', '08034d8b-d9a3-4649-ba27-4af6e29be29d', 'condominio', 687.00, 10, true, '2025-12-17 00:37:48.063776+00', '2025-12-17 00:37:48.063776+00'),
('c1fe3aed-bc1f-4244-ab65-1cda1ce2dc01', '08034d8b-d9a3-4649-ba27-4af6e29be29d', 'unimed', 1650.00, 15, true, '2025-12-17 00:38:03.476095+00', '2025-12-17 00:38:03.476095+00'),
('6f8d3e22-4307-4d7c-a3ea-582cf272cf77', '08034d8b-d9a3-4649-ba27-4af6e29be29d', 'internet', 99.00, 5, true, '2025-12-17 00:38:19.963063+00', '2025-12-17 00:38:19.963063+00'),
('31d84993-3588-419d-8e8e-7b415ae3e2f0', '08034d8b-d9a3-4649-ba27-4af6e29be29d', 'vivo', 211.00, 18, true, '2025-12-17 00:41:55.124809+00', '2025-12-17 00:41:55.124809+00'),
('6138e57b-f0c2-4731-911b-965a50990a00', 'cb5c15c5-b191-4a94-86a5-1d50ec97c257', 'Aluguel', 8500.00, 5, false, '2025-12-17 22:21:44.578782+00', '2025-12-17 22:22:46.789944+00'),
('0838d664-6c8a-46d6-b235-b218e02e31c8', 'cb5c15c5-b191-4a94-86a5-1d50ec97c257', 'Aluguel casa', 8500.00, 5, true, '2025-12-17 22:22:59.120756+00', '2025-12-17 22:22:59.120756+00'),
('d210c134-8990-4bc1-ae0a-745df97814cf', 'cb5c15c5-b191-4a94-86a5-1d50ec97c257', 'Condomínio Portal do Lago', 2000.00, 6, true, '2025-12-17 22:23:21.840777+00', '2025-12-17 22:23:21.840777+00'),
('1139a9a8-28f8-45e9-9c49-a229f9aafc6b', 'cb5c15c5-b191-4a94-86a5-1d50ec97c257', 'Escola dos Meninos', 5000.00, 10, true, '2025-12-17 22:23:55.595284+00', '2025-12-17 22:23:55.595284+00'),
('a7a3caf3-3248-483a-9682-d260c7023a84', 'cb5c15c5-b191-4a94-86a5-1d50ec97c257', 'Mercado Mes', 4000.00, 2, true, '2025-12-17 22:24:16.861328+00', '2025-12-17 22:24:16.861328+00'),
('fbd2b19b-f660-4fc4-a292-4a9a13692f8d', 'cb5c15c5-b191-4a94-86a5-1d50ec97c257', 'Despesas com Lazer', 3000.00, 2, true, '2025-12-17 22:24:43.842663+00', '2025-12-17 22:24:43.842663+00'),
('0cfa3602-ce99-4d59-a14b-f191b7a44b9f', 'e1304a6a-1ffa-4af3-9ede-81b13faf75cd', 'Seguro do carro', 350.00, 5, true, '2025-12-18 01:31:29.484878+00', '2025-12-18 01:31:29.484878+00'),
('89845342-92b0-4267-a736-f667d1fc08f5', 'e1304a6a-1ffa-4af3-9ede-81b13faf75cd', 'Aluguel', 2900.00, 1, true, '2025-12-18 01:31:45.215338+00', '2025-12-18 01:31:45.215338+00'),
('eda85b61-38f4-4b52-a908-03e911b27b96', 'e1304a6a-1ffa-4af3-9ede-81b13faf75cd', 'combustivel', 300.00, 1, true, '2025-12-18 01:31:56.832876+00', '2025-12-18 01:31:56.832876+00'),
('70102ebb-c4c7-4829-b2c8-b36ccc8f7a28', 'e1304a6a-1ffa-4af3-9ede-81b13faf75cd', 'lazer', 400.00, 5, true, '2025-12-18 01:32:15.291377+00', '2025-12-18 01:32:15.291377+00')
ON CONFLICT (id) DO NOTHING;

-- =====================
-- 7. CATEGORY_BUDGETS (Thales - 8 budgets)
-- =====================
INSERT INTO category_budgets (id, month_id, category, planned_amount, created_at, updated_at) VALUES
('339dd6eb-dcaf-4a0c-9274-6920f1630a9a', '9958bb17-9081-4b87-9d79-ca8412ea3029', 'moradia', 10000.00, '2025-12-16 23:21:10.353191+00', '2025-12-19 00:32:28.138693+00'),
('a18e4e04-5dd8-4769-80de-838edc85c861', '9958bb17-9081-4b87-9d79-ca8412ea3029', 'outros', 0.00, '2025-12-16 23:21:10.353191+00', '2025-12-19 00:32:28.138693+00'),
('4061d6e0-6bd5-405d-a490-1cd974e4ba8f', '9958bb17-9081-4b87-9d79-ca8412ea3029', 'lazer', 2000.00, '2025-12-16 23:21:10.353191+00', '2025-12-19 00:32:28.138693+00'),
('33ff8063-935c-4d5b-bd7c-6c143e494922', '9958bb17-9081-4b87-9d79-ca8412ea3029', 'transporte', 40.00, '2025-12-16 23:21:10.353191+00', '2025-12-19 00:32:28.138693+00'),
('cb2fd019-58fd-4473-9cf3-8fafdd266e9f', '9958bb17-9081-4b87-9d79-ca8412ea3029', 'educacao', 6000.00, '2025-12-16 23:21:10.353191+00', '2025-12-19 00:32:28.138693+00'),
('cc20777b-21de-4164-83ae-b47835f4805d', '9958bb17-9081-4b87-9d79-ca8412ea3029', 'saude', 3000.00, '2025-12-16 23:21:10.353191+00', '2025-12-19 00:32:28.138693+00'),
('0d3a902e-3cba-4462-b0eb-c32d3ff54b8d', '9958bb17-9081-4b87-9d79-ca8412ea3029', 'alimentacao', 4000.00, '2025-12-16 23:21:10.353191+00', '2025-12-19 00:32:28.138693+00'),
('69ae3306-4bb2-47c9-9139-dfca2897e1ab', '9958bb17-9081-4b87-9d79-ca8412ea3029', 'vestuario', 1000.00, '2025-12-16 23:21:10.353191+00', '2025-12-19 00:32:28.138693+00')
ON CONFLICT (id) DO NOTHING;

-- =====================
-- 8. MERCHANT_MAPPINGS (Global mappings)
-- =====================
INSERT INTO merchant_mappings (id, merchant_normalized, category, couple_id, is_global, usage_count, created_at, updated_at) VALUES
-- Alimentação - Delivery
('38d3b656-45e1-4df7-866a-3dcba6c1a317', 'ifood', 'alimentacao', NULL, true, 1, '2025-12-17 00:33:28.393444+00', '2025-12-17 00:33:28.393444+00'),
('21b5a505-a2a6-49a5-a61d-a0cb5f60a15b', 'rappi', 'alimentacao', NULL, true, 1, '2025-12-17 00:33:28.393444+00', '2025-12-17 00:33:28.393444+00'),
('30af0882-2db3-42a0-8534-64c2e7c39380', 'uber eats', 'alimentacao', NULL, true, 1, '2025-12-17 00:33:28.393444+00', '2025-12-17 00:33:28.393444+00'),
('9e536658-26c0-40e0-9db9-44f32301c94b', 'ubereats', 'alimentacao', NULL, true, 1, '2025-12-17 00:33:28.393444+00', '2025-12-17 00:33:28.393444+00'),
('60292502-5da6-4476-a564-1f5e11f61d78', 'james', 'alimentacao', NULL, true, 1, '2025-12-17 00:33:28.393444+00', '2025-12-17 00:33:28.393444+00'),
('cb28eb06-40dd-4e58-ba5b-6aed410f8723', 'zedeli', 'alimentacao', NULL, true, 1, '2025-12-17 00:33:28.393444+00', '2025-12-17 00:33:28.393444+00'),
('5c4c58f4-0a6e-42c9-b78e-d8a9d79255fc', 'aiqfome', 'alimentacao', NULL, true, 1, '2025-12-17 00:33:28.393444+00', '2025-12-17 00:33:28.393444+00'),
-- Alimentação - Fast Food
('9e4ec3c3-1c2b-4287-8017-313c59673691', 'mcdonalds', 'alimentacao', NULL, true, 1, '2025-12-17 00:33:28.393444+00', '2025-12-17 00:33:28.393444+00'),
('567d0735-e58c-4ab4-b9a5-52c258429b76', 'mc donalds', 'alimentacao', NULL, true, 1, '2025-12-17 00:33:28.393444+00', '2025-12-17 00:33:28.393444+00'),
('c0b92ac6-f45a-4e82-8530-f46220012e39', 'burger king', 'alimentacao', NULL, true, 1, '2025-12-17 00:33:28.393444+00', '2025-12-17 00:33:28.393444+00'),
('8e98b66e-fa24-47e9-8094-814aaf11e0c3', 'bk brasil', 'alimentacao', NULL, true, 1, '2025-12-17 00:33:28.393444+00', '2025-12-17 00:33:28.393444+00'),
('79799750-1de2-4ac5-a02e-406f67c6d46d', 'habibs', 'alimentacao', NULL, true, 1, '2025-12-17 00:33:28.393444+00', '2025-12-17 00:33:28.393444+00'),
('4d86c548-7bfb-45df-abf5-b834b2dee0e8', 'outback', 'alimentacao', NULL, true, 1, '2025-12-17 00:33:28.393444+00', '2025-12-17 00:33:28.393444+00'),
('cbda1c76-968f-4eda-a542-c26424fb5e06', 'subway', 'alimentacao', NULL, true, 1, '2025-12-17 00:33:28.393444+00', '2025-12-17 00:33:28.393444+00'),
('efbcd7d7-9909-472d-a297-74579d9d3588', 'giraffas', 'alimentacao', NULL, true, 1, '2025-12-17 00:33:28.393444+00', '2025-12-17 00:33:28.393444+00'),
('d2ee4ea6-af05-48de-8714-7bad65a2f7d3', 'starbucks', 'alimentacao', NULL, true, 1, '2025-12-17 00:33:28.393444+00', '2025-12-17 00:33:28.393444+00'),
-- Alimentação - Genéricos
('efd64322-87e5-49b9-a814-3c7f3f2648e2', 'padaria', 'alimentacao', NULL, true, 1, '2025-12-17 00:33:28.393444+00', '2025-12-17 00:33:28.393444+00'),
('f5492a9e-4841-4583-8f03-03211855c0f7', 'restaurante', 'alimentacao', NULL, true, 1, '2025-12-17 00:33:28.393444+00', '2025-12-17 00:33:28.393444+00'),
('43b17873-8bfc-41a2-b2fe-dc7bbf6dce6c', 'lanchonete', 'alimentacao', NULL, true, 1, '2025-12-17 00:33:28.393444+00', '2025-12-17 00:33:28.393444+00'),
('286e86b5-7969-4e67-aaa1-9df2b5f81efb', 'pizzaria', 'alimentacao', NULL, true, 1, '2025-12-17 00:33:28.393444+00', '2025-12-17 00:33:28.393444+00'),
('745dbbf0-7c6c-45f2-82e8-d4649e72426f', 'acai', 'alimentacao', NULL, true, 1, '2025-12-17 00:33:28.393444+00', '2025-12-17 00:33:28.393444+00'),
('2918c98c-3a55-4c37-a024-29b0f7ab382e', 'sorvete', 'alimentacao', NULL, true, 1, '2025-12-17 00:33:28.393444+00', '2025-12-17 00:33:28.393444+00'),
-- Alimentação - Supermercados
('a1b2c3d4-0004-4000-8000-000000000001', 'carrefour', 'alimentacao', NULL, true, 1, '2025-12-17 00:33:28.393444+00', '2025-12-17 00:33:28.393444+00'),
('a1b2c3d4-0004-4000-8000-000000000002', 'extra', 'alimentacao', NULL, true, 1, '2025-12-17 00:33:28.393444+00', '2025-12-17 00:33:28.393444+00'),
('a1b2c3d4-0004-4000-8000-000000000003', 'pao de acucar', 'alimentacao', NULL, true, 1, '2025-12-17 00:33:28.393444+00', '2025-12-17 00:33:28.393444+00'),
('a1b2c3d4-0004-4000-8000-000000000004', 'supermercado', 'alimentacao', NULL, true, 1, '2025-12-17 00:33:28.393444+00', '2025-12-17 00:33:28.393444+00'),
('a1b2c3d4-0004-4000-8000-000000000005', 'atacadao', 'alimentacao', NULL, true, 1, '2025-12-17 00:33:28.393444+00', '2025-12-17 00:33:28.393444+00'),
('a1b2c3d4-0004-4000-8000-000000000006', 'assai', 'alimentacao', NULL, true, 1, '2025-12-17 00:33:28.393444+00', '2025-12-17 00:33:28.393444+00'),
-- Transporte
('a1b2c3d4-0001-4000-8000-000000000001', 'uber', 'transporte', NULL, true, 1, '2025-12-17 00:33:28.393444+00', '2025-12-17 00:33:28.393444+00'),
('a1b2c3d4-0001-4000-8000-000000000002', '99', 'transporte', NULL, true, 1, '2025-12-17 00:33:28.393444+00', '2025-12-17 00:33:28.393444+00'),
('a1b2c3d4-0001-4000-8000-000000000003', '99app', 'transporte', NULL, true, 1, '2025-12-17 00:33:28.393444+00', '2025-12-17 00:33:28.393444+00'),
('a1b2c3d4-0001-4000-8000-000000000004', 'cabify', 'transporte', NULL, true, 1, '2025-12-17 00:33:28.393444+00', '2025-12-17 00:33:28.393444+00'),
('a1b2c3d4-0001-4000-8000-000000000005', 'shell', 'transporte', NULL, true, 1, '2025-12-17 00:33:28.393444+00', '2025-12-17 00:33:28.393444+00'),
('a1b2c3d4-0001-4000-8000-000000000006', 'ipiranga', 'transporte', NULL, true, 1, '2025-12-17 00:33:28.393444+00', '2025-12-17 00:33:28.393444+00'),
('a1b2c3d4-0001-4000-8000-000000000007', 'br petrobras', 'transporte', NULL, true, 1, '2025-12-17 00:33:28.393444+00', '2025-12-17 00:33:28.393444+00'),
('a1b2c3d4-0001-4000-8000-000000000008', 'posto', 'transporte', NULL, true, 1, '2025-12-17 00:33:28.393444+00', '2025-12-17 00:33:28.393444+00'),
('a1b2c3d4-0001-4000-8000-000000000009', 'estacionamento', 'transporte', NULL, true, 1, '2025-12-17 00:33:28.393444+00', '2025-12-17 00:33:28.393444+00'),
-- Lazer
('a1b2c3d4-0002-4000-8000-000000000001', 'netflix', 'lazer', NULL, true, 1, '2025-12-17 00:33:28.393444+00', '2025-12-17 00:33:28.393444+00'),
('a1b2c3d4-0002-4000-8000-000000000002', 'spotify', 'lazer', NULL, true, 1, '2025-12-17 00:33:28.393444+00', '2025-12-17 00:33:28.393444+00'),
('a1b2c3d4-0002-4000-8000-000000000003', 'amazon prime', 'lazer', NULL, true, 1, '2025-12-17 00:33:28.393444+00', '2025-12-17 00:33:28.393444+00'),
('a1b2c3d4-0002-4000-8000-000000000004', 'disney', 'lazer', NULL, true, 1, '2025-12-17 00:33:28.393444+00', '2025-12-17 00:33:28.393444+00'),
('a1b2c3d4-0002-4000-8000-000000000005', 'hbo max', 'lazer', NULL, true, 1, '2025-12-17 00:33:28.393444+00', '2025-12-17 00:33:28.393444+00'),
('a1b2c3d4-0002-4000-8000-000000000006', 'cinema', 'lazer', NULL, true, 1, '2025-12-17 00:33:28.393444+00', '2025-12-17 00:33:28.393444+00'),
('a1b2c3d4-0002-4000-8000-000000000007', 'cinemark', 'lazer', NULL, true, 1, '2025-12-17 00:33:28.393444+00', '2025-12-17 00:33:28.393444+00'),
-- Saúde
('a1b2c3d4-0003-4000-8000-000000000001', 'drogaria', 'saude', NULL, true, 1, '2025-12-17 00:33:28.393444+00', '2025-12-17 00:33:28.393444+00'),
('a1b2c3d4-0003-4000-8000-000000000002', 'farmacia', 'saude', NULL, true, 1, '2025-12-17 00:33:28.393444+00', '2025-12-17 00:33:28.393444+00'),
('a1b2c3d4-0003-4000-8000-000000000003', 'drogasil', 'saude', NULL, true, 1, '2025-12-17 00:33:28.393444+00', '2025-12-17 00:33:28.393444+00'),
('a1b2c3d4-0003-4000-8000-000000000004', 'droga raia', 'saude', NULL, true, 1, '2025-12-17 00:33:28.393444+00', '2025-12-17 00:33:28.393444+00'),
('a1b2c3d4-0003-4000-8000-000000000005', 'pacheco', 'saude', NULL, true, 1, '2025-12-17 00:33:28.393444+00', '2025-12-17 00:33:28.393444+00'),
('a1b2c3d4-0003-4000-8000-000000000006', 'unimed', 'saude', NULL, true, 1, '2025-12-17 00:33:28.393444+00', '2025-12-17 00:33:28.393444+00'),
('a1b2c3d4-0003-4000-8000-000000000007', 'amil', 'saude', NULL, true, 1, '2025-12-17 00:33:28.393444+00', '2025-12-17 00:33:28.393444+00'),
('a1b2c3d4-0003-4000-8000-000000000008', 'bradesco saude', 'saude', NULL, true, 1, '2025-12-17 00:33:28.393444+00', '2025-12-17 00:33:28.393444+00')
ON CONFLICT (id) DO NOTHING;

-- =====================
-- 9. IMPORTS (7 imports - Thales)
-- =====================
INSERT INTO imports (id, couple_id, type, status, file_name, file_url, file_hash, transactions_count, error_message, processed_at, created_at) VALUES
('935f15ee-2ab5-4a99-9ca7-9f410b791fbb', 'cea0b655-13a5-4e95-bcd1-d2034ff5a916', 'print', 'failed', 'IMG_0688.PNG', 'cea0b655-13a5-4e95-bcd1-d2034ff5a916/prints/1765930559992-IMG_0688.PNG', NULL, 0, 'Edge Function returned a non-2xx status code', '2025-12-17 00:16:06.329+00', '2025-12-17 00:15:59.910267+00'),
('e0b90988-c2cd-424d-8598-26389a204201', 'cea0b655-13a5-4e95-bcd1-d2034ff5a916', 'print', 'completed', 'IMG_0688.PNG', 'cea0b655-13a5-4e95-bcd1-d2034ff5a916/prints/1765930801016-IMG_0688.PNG', NULL, 6, NULL, '2025-12-17 00:20:11.179+00', '2025-12-17 00:20:00.942386+00'),
('5ac1e20f-f1c4-4295-acb4-124353480a1f', 'cea0b655-13a5-4e95-bcd1-d2034ff5a916', 'ofx', 'failed', 'exemplo.ofx', NULL, NULL, 0, 'Upload falhou - reimporte o arquivo', '2025-12-17 00:44:54.9262+00', '2025-12-17 00:27:31.552509+00'),
('6adc63b7-7f75-40be-8fa7-9381b2aa7768', 'cea0b655-13a5-4e95-bcd1-d2034ff5a916', 'ofx', 'completed', 'exemplo.ofx', 'cea0b655-13a5-4e95-bcd1-d2034ff5a916/ofx/1765932334049-exemplo.ofx', 'pss6co', 2, NULL, '2025-12-17 00:45:39.131+00', '2025-12-17 00:45:33.986961+00'),
('4bfe8eee-b5ac-41ba-ac23-873ee7f1df35', 'cea0b655-13a5-4e95-bcd1-d2034ff5a916', 'ofx', 'failed', 'exemplo.ofx', 'cea0b655-13a5-4e95-bcd1-d2034ff5a916/ofx/1765932695728-exemplo.ofx', NULL, 0, 'Este arquivo já foi importado anteriormente', '2025-12-17 00:51:39.297+00', '2025-12-17 00:51:35.660298+00'),
('1420ee84-596d-4180-a338-fd7345f6d50d', 'cea0b655-13a5-4e95-bcd1-d2034ff5a916', 'print', 'completed', 'IMG_0688.PNG', 'cea0b655-13a5-4e95-bcd1-d2034ff5a916/prints/1765932708474-IMG_0688.PNG', NULL, 0, NULL, '2025-12-17 00:51:57.697+00', '2025-12-17 00:51:48.396769+00'),
('aa4012e7-8e50-44c7-bd16-428b2c6d6adf', 'cea0b655-13a5-4e95-bcd1-d2034ff5a916', 'print', 'completed', 'IMG_0687.PNG', 'cea0b655-13a5-4e95-bcd1-d2034ff5a916/prints/1765932777122-IMG_0687.PNG', NULL, 4, NULL, '2025-12-17 00:53:05.311+00', '2025-12-17 00:52:57.048268+00')
ON CONFLICT (id) DO NOTHING;

-- =====================
-- 10. TRANSACTIONS (12 transações - Thales)
-- =====================
INSERT INTO transactions (id, month_id, merchant, merchant_normalized, amount, transaction_date, category, source, import_id, card_id, is_card_payment, is_internal_transfer, confidence, needs_review, fingerprint, created_at, updated_at) VALUES
('3faf703e-1b51-4070-ae27-dfa3225040a1', '9958bb17-9081-4b87-9d79-ca8412ea3029', 'Ifd*raizes de fogo res', 'ifdraizes de fogo res', 106.10, '2025-12-05', 'alimentacao', 'print', 'e0b90988-c2cd-424d-8598-26389a204201', NULL, false, false, 'high', false, 'qhpxwp', '2025-12-17 00:20:11.070551+00', '2025-12-19 00:32:28.138693+00'),
('e3f5e5b5-c817-4b88-af61-53f0eed0ef66', '9958bb17-9081-4b87-9d79-ca8412ea3029', 'Estacionamento 1sdwwe', 'estacionamento 1sdwwe', 49.50, '2025-12-05', 'transporte', 'print', 'e0b90988-c2cd-424d-8598-26389a204201', NULL, false, false, 'high', false, '5puabh', '2025-12-17 00:20:11.070551+00', '2025-12-19 00:32:28.138693+00'),
('8a6e6939-7ae7-41cc-b915-4371287127d2', '9958bb17-9081-4b87-9d79-ca8412ea3029', 'Apple.com/bill', 'applecombill', 53.90, '2025-12-05', 'outros', 'print', 'e0b90988-c2cd-424d-8598-26389a204201', NULL, false, false, 'high', false, 'aebfk5', '2025-12-17 00:20:11.070551+00', '2025-12-19 00:32:28.138693+00'),
('855682ea-5eb5-4699-99b5-80a0fd9fa647', '9958bb17-9081-4b87-9d79-ca8412ea3029', 'Dm*spotify', 'dmspotify', 23.90, '2025-12-08', 'lazer', 'print', 'e0b90988-c2cd-424d-8598-26389a204201', NULL, false, false, 'high', false, 'aslp44', '2025-12-17 00:20:11.070551+00', '2025-12-19 00:32:28.138693+00'),
('131a3732-bc9a-4be4-b058-1e77091cbe2c', '9958bb17-9081-4b87-9d79-ca8412ea3029', 'Apple.com/bill', 'applecombill', 56.90, '2025-12-07', 'outros', 'print', 'e0b90988-c2cd-424d-8598-26389a204201', NULL, false, false, 'high', false, 'rt25s4', '2025-12-17 00:20:11.070551+00', '2025-12-19 00:32:28.138693+00'),
('4d4f6fb5-2933-4488-b9a2-9b06b8c82fc9', '9958bb17-9081-4b87-9d79-ca8412ea3029', 'Momo gelato sh leblon', 'momo gelato sh leblon', 27.00, '2025-12-07', 'lazer', 'print', 'e0b90988-c2cd-424d-8598-26389a204201', NULL, false, false, 'high', false, 'cjok9a', '2025-12-17 00:20:11.070551+00', '2025-12-19 00:32:28.138693+00'),
('24205025-90df-4a6f-bd69-a5633420ff8d', '9958bb17-9081-4b87-9d79-ca8412ea3029', 'SUPERMERCADO Y', 'supermercado y', 199.90, '2025-12-05', NULL, 'ofx', '6adc63b7-7f75-40be-8fa7-9381b2aa7768', NULL, false, false, 'high', false, 'n2c3xr', '2025-12-17 00:45:39.018779+00', '2025-12-17 00:45:39.018779+00'),
('7773101b-5c0c-4af6-a738-66abf1637631', '9958bb17-9081-4b87-9d79-ca8412ea3029', 'PIX PARA JOAO', 'pix para joao', 45.00, '2025-12-10', NULL, 'ofx', '6adc63b7-7f75-40be-8fa7-9381b2aa7768', NULL, false, false, 'high', false, 'xtf0cb', '2025-12-17 00:45:39.018779+00', '2025-12-17 00:45:39.018779+00'),
('2de2b152-5200-4e4e-bda6-9d4f5c4edfd8', '9958bb17-9081-4b87-9d79-ca8412ea3029', 'Rappi*moustache beams', 'rappimoustache beams', 52.10, '2025-12-13', 'alimentacao', 'print', 'aa4012e7-8e50-44c7-bd16-428b2c6d6adf', NULL, false, false, 'high', false, 'siee9o', '2025-12-17 00:53:05.198138+00', '2025-12-17 00:53:05.198138+00'),
('8fab1a09-59bc-41d4-a6a9-4fda9c41502c', '9958bb17-9081-4b87-9d79-ca8412ea3029', 'Apple.com/bill', 'applecombill', 66.90, '2025-12-14', 'outros', 'print', 'aa4012e7-8e50-44c7-bd16-428b2c6d6adf', NULL, false, false, 'high', false, 'kinby9', '2025-12-17 00:53:05.198138+00', '2025-12-19 00:32:28.138693+00'),
('10432e35-e3eb-4980-b1e9-a62d6b7008f0', '9958bb17-9081-4b87-9d79-ca8412ea3029', 'Apple.com/bill', 'applecombill', 96.90, '2025-12-14', 'outros', 'print', 'aa4012e7-8e50-44c7-bd16-428b2c6d6adf', NULL, false, false, 'high', false, '7sz2yl', '2025-12-17 00:53:05.198138+00', '2025-12-19 00:32:28.138693+00'),
('f1234567-0000-4000-8000-000000000001', '9958bb17-9081-4b87-9d79-ca8412ea3029', 'Gato mia restaurante', 'gato mia restaurante', 85.00, '2025-12-15', 'alimentacao', 'print', 'aa4012e7-8e50-44c7-bd16-428b2c6d6adf', NULL, false, false, 'high', false, 'xyz123', '2025-12-17 00:53:05.198138+00', '2025-12-17 00:53:05.198138+00')
ON CONFLICT (id) DO NOTHING;

-- ========================================
-- FIM DO EXPORT V2
-- ========================================
-- Próximo passo: Execute este SQL no SQL Editor do novo Supabase
-- ========================================
